Date,Reservoir (ft),PZ-21B (ft),PZ-22C (ft),PZ-23A (ft),PZ-24B (ft),,TARP Level 2,TARP Level 3,,Status,PZ-21B (ft),PZ-22C (ft),PZ-23A (ft),PZ-24B (ft)
01-01-24,7580,7619.921701,7625.378128,7629.838658,7614.365198,,7650,7660,,,Level 1,Level 1,Level 1,Level 1
02-01-24,7585.263158,7621.435748,7626.492631,7632.117986,7615.816697,,7650,7660,,,Level 1,Level 1,Level 1,Level 1
03-01-24,7590.526316,7621.937993,7626.425998,7632.474904,7616.998451,,7650,7660,,,Level 1,Level 1,Level 1,Level 1
04-01-24,7595.789474,7623.268481,7627.585784,7632.622881,7617.687954,,7650,7660,,,Level 1,Level 1,Level 1,Level 1
05-01-24,7601.052632,7622.992895,7627.173805,7633.804287,7617.155534,,7650,7660,,,Level 1,Level 1,Level 1,Level 1
06-01-24,7606.315789,7623.85005,7628.688435,7633.096366,7619.354961,,7650,7660,,,Level 1,Level 1,Level 1,Level 1
07-01-24,7611.578947,7624.031448,7628.751106,7633.995954,7618.58411,,7650,7660,,,Level 1,Level 1,Level 1,Level 1
08-01-24,7616.842105,7623.182567,7629.179506,7634.302339,7618.775672,,7650,7660,,,Level 1,Level 1,Level 1,Level 1
09-01-24,7622.105263,7624.517026,7629.807321,7634.266117,7619.123875,,7650,7660,,,Level 1,Level 1,Level 1,Level 1
10-01-24,7627.368421,7624.699458,7630.612407,7634.58946,7619.501236,,7650,7660,,,Level 1,Level 1,Level 1,Level 1
11-01-24,7632.631579,7625.013353,7630.258973,7634.558955,7619.397704,,7650,7660,,,Level 1,Level 1,Level 1,Level 1
12-01-24,7637.894737,7625.036391,7630.718917,7635.059719,7619.627129,,7650,7660,,,Level 1,Level 1,Level 1,Level 1
13-01-24,7643.157895,7625.00729,7630.628787,7633.378739,7620.313601,,7650,7660,,,Level 1,Level 1,Level 1,Level 1
14-01-24,7648.421053,7625.606139,7630.424472,7634.888203,7620.035389,,7650,7660,,,Level 1,Level 1,Level 1,Level 1
15-01-24,7653.684211,7625.902445,7630.786267,7634.730568,7620.744514,,7650,7660,,,Level 1,Level 1,Level 1,Level 1
16-01-24,7658.947368,7626.310253,7629.859579,7635.328971,7619.832004,,7650,7660,,,Level 1,Level 1,Level 1,Level 1
17-01-24,7664.210526,7626.327056,7631.125973,7634.986555,7620.532826,,7650,7660,,,Level 1,Level 1,Level 1,Level 1
18-01-24,7669.473684,7625.314879,7630.97464,7634.58585,7619.679497,,7650,7660,,,Level 1,Level 1,Level 1,Level 1
19-01-24,7674.736842,7625.21308,7631.180076,7635.646778,7621.291977,,7650,7660,,,Level 1,Level 1,Level 1,Level 1
20-01-24,7680,7626.401482,7632.960181,7635.870756,7620.932457,,7650,7660,,,Level 1,Level 1,Level 1,Level 1
21-01-24,7680.213454,7626.570532,7631.67744,7635.031719,7620.872881,,7650,7660,,,Level 1,Level 1,Level 1,Level 1
22-01-24,7679.682201,7625.839817,7632.956709,7635.52351,7621.09827,,7650,7660,,,Level 1,Level 1,Level 1,Level 1
23-01-24,7680.126621,7625.925848,7632.067583,7635.435642,7620.068271,,7650,7660,,,Level 1,Level 1,Level 1,Level 1
24-01-24,7680.221769,7627.337013,7632.562021,7636.404122,7621.560972,,7650,7660,,,Level 1,Level 1,Level 1,Level 1
25-01-24,7680.106528,7626.362707,7632.179988,7636.391357,7621.230249,,7650,7660,,,Level 1,Level 1,Level 1,Level 1
26-01-24,7680.426723,7626.080423,7632.490908,7636.617784,7621.455841,,7650,7660,,,Level 1,Level 1,Level 1,Level 1
27-01-24,7680.787564,7626.949626,7631.981205,7635.941859,7621.425158,,7650,7660,,,Level 1,Level 1,Level 1,Level 1
28-01-24,7680.580251,7626.392262,7633.570947,7635.447388,7621.353571,,7650,7660,,,Level 1,Level 1,Level 1,Level 1
29-01-24,7680.437351,7627.181439,7632.223658,7636.573925,7621.027754,,7650,7660,,,Level 1,Level 1,Level 1,Level 1
30-01-24,7680.668259,7626.947598,7632.351687,7637.328302,7621.976448,,7650,7660,,,Level 1,Level 1,Level 1,Level 1
31-01-24,7680.641641,7627.532841,7633.193456,7635.836225,7621.984672,,7650,7660,,,Level 1,Level 1,Level 1,Level 1
01-02-24,7680.385996,7626.64154,7632.211756,7636.598315,7621.15969,,7650,7660,,,Level 1,Level 1,Level 1,Level 1
02-02-24,7680.226005,7627.278785,7632.917349,7637.448686,7621.506141,,7650,7660,,,Level 1,Level 1,Level 1,Level 1
03-02-24,7680.414065,7626.055416,7632.800276,7635.978384,7621.108148,,7650,7660,,,Level 1,Level 1,Level 1,Level 1
04-02-24,7679.869614,7627.297279,7633.025245,7636.578832,7621.950005,,7650,7660,,,Level 1,Level 1,Level 1,Level 1
05-02-24,7680.240453,7626.395409,7633.209251,7637.032306,7622.017197,,7650,7660,,,Level 1,Level 1,Level 1,Level 1
06-02-24,7679.855008,7626.814833,7632.727483,7636.720785,7621.877786,,7650,7660,,,Level 1,Level 1,Level 1,Level 1
07-02-24,7679.888959,7627.170763,7633.540445,7637.318702,7620.925171,,7650,7660,,,Level 1,Level 1,Level 1,Level 1
08-02-24,7679.790342,7628.209398,7633.601585,7636.398335,7622.278947,,7650,7660,,,Level 1,Level 1,Level 1,Level 1
09-02-24,7680.039693,7626.959547,7633.014788,7636.50421,7621.433233,,7650,7660,,,Level 1,Level 1,Level 1,Level 1
10-02-24,7679.371058,7627.548324,7633.07355,7636.856559,7622.146404,,7650,7660,,,Level 1,Level 1,Level 1,Level 1
11-02-24,7679.728907,7627.278944,7633.97765,7636.961233,7621.475526,,7650,7660,,,Level 1,Level 1,Level 1,Level 1
12-02-24,7679.754984,7627.683139,7633.418518,7636.928489,7621.811749,,7650,7660,,,Level 1,Level 1,Level 1,Level 1
13-02-24,7679.535287,7627.807475,7633.341517,7637.205742,7622.368114,,7650,7660,,,Level 1,Level 1,Level 1,Level 1
14-02-24,7679.417528,7627.88726,7633.622889,7637.148492,7622.655133,,7650,7660,,,Level 1,Level 1,Level 1,Level 1
15-02-24,7679.400523,7627.563109,7632.928476,7636.558807,7622.540504,,7650,7660,,,Level 1,Level 1,Level 1,Level 1
16-02-24,7679.387708,7628.167637,7633.524286,7636.375553,7622.124817,,7650,7660,,,Level 1,Level 1,Level 1,Level 1
17-02-24,7679.462903,7627.078364,7633.487273,7637.041274,7622.290648,,7650,7660,,,Level 1,Level 1,Level 1,Level 1
18-02-24,7679.507728,7628.197147,7633.23474,7637.891965,7622.861697,,7650,7660,,,Level 1,Level 1,Level 1,Level 1
19-02-24,7679.533304,7627.615302,7634.062273,7637.636679,7621.403781,,7650,7660,,,Level 1,Level 1,Level 1,Level 1
20-02-24,7679.827525,7628.327797,7633.985916,7636.855912,7622.648234,,7650,7660,,,Level 1,Level 1,Level 1,Level 1
21-02-24,7679.42437,7627.993025,7632.502911,7636.968904,7622.741071,,7650,7660,,,Level 1,Level 1,Level 1,Level 1
22-02-24,7679.820347,7628.259052,7633.68925,7637.012661,7623.626162,,7650,7660,,,Level 1,Level 1,Level 1,Level 1
23-02-24,7679.823993,7628.129573,7634.183846,7636.853757,7622.918098,,7650,7660,,,Level 1,Level 1,Level 1,Level 1
24-02-24,7679.928293,7628.192232,7634.478799,7637.442556,7621.751866,,7650,7660,,,Level 1,Level 1,Level 1,Level 1
25-02-24,7679.962551,7627.941269,7634.224908,7637.224889,7622.039369,,7650,7660,,,Level 1,Level 1,Level 1,Level 1
26-02-24,7680.256724,7628.250068,7633.092491,7637.037858,7622.66638,,7650,7660,,,Level 1,Level 1,Level 1,Level 1
27-02-24,7680.368003,7627.785677,7633.001816,7636.905213,7623.186089,,7650,7660,,,Level 1,Level 1,Level 1,Level 1
28-02-24,7680.340453,7628.093355,7633.174914,7636.564642,7623.215016,,7650,7660,,,Level 1,Level 1,Level 1,Level 1
29-02-24,7680.118868,7628.087679,7633.230184,7637.082673,7622.565488,,7650,7660,,,Level 1,Level 1,Level 1,Level 1
01-03-24,7680.895967,7627.483519,7634.23987,7638.344785,7622.953178,,7650,7660,,,Level 1,Level 1,Level 1,Level 1
02-03-24,7680.341112,7628.566289,7634.840603,7637.272893,7622.408884,,7650,7660,,,Level 1,Level 1,Level 1,Level 1
03-03-24,7680.487592,7628.281676,7634.299523,7636.867031,7622.524097,,7650,7660,,,Level 1,Level 1,Level 1,Level 1
04-03-24,7680.463652,7627.684321,7634.148635,7637.423252,7623.225138,,7650,7660,,,Level 1,Level 1,Level 1,Level 1
05-03-24,7680.664936,7628.037732,7633.65547,7637.70801,7623.103198,,7650,7660,,,Level 1,Level 1,Level 1,Level 1
06-03-24,7680.542042,7628.352561,7634.161567,7637.416167,7622.965353,,7650,7660,,,Level 1,Level 1,Level 1,Level 1
07-03-24,7680.344735,7627.993069,7634.444465,7638.02258,7623.708277,,7650,7660,,,Level 1,Level 1,Level 1,Level 1
08-03-24,7680.256327,7629.072105,7634.341434,7637.207117,7623.673902,,7650,7660,,,Level 1,Level 1,Level 1,Level 1
09-03-24,7680.260074,7627.712231,7635.123384,7637.829924,7622.585181,,7650,7660,,,Level 1,Level 1,Level 1,Level 1
10-03-24,7680.17963,7628.68147,7634.283255,7637.468874,7623.202571,,7650,7660,,,Level 1,Level 1,Level 1,Level 1
11-03-24,7680.024701,7628.74783,7633.517706,7637.345193,7623.306592,,7650,7660,,,Level 1,Level 1,Level 1,Level 1
12-03-24,7679.846461,7629.037345,7634.048315,7638.111755,7622.639873,,7650,7660,,,Level 1,Level 1,Level 1,Level 1
13-03-24,7679.972751,7629.02229,7634.639011,7638.132743,7622.753949,,7650,7660,,,Level 1,Level 1,Level 1,Level 1
14-03-24,7679.680258,7628.179679,7634.168549,7637.643804,7623.714917,,7650,7660,,,Level 1,Level 1,Level 1,Level 1
15-03-24,7679.777394,7629.271694,7634.542607,7637.199435,7623.145439,,7650,7660,,,Level 1,Level 1,Level 1,Level 1
16-03-24,7679.650711,7627.965624,7634.239536,7637.491743,7622.442423,,7650,7660,,,Level 1,Level 1,Level 1,Level 1
17-03-24,7679.691484,7629.029478,7634.364194,7638.71715,7623.806584,,7650,7660,,,Level 1,Level 1,Level 1,Level 1
18-03-24,7679.974755,7627.971728,7634.332918,7637.161197,7623.586205,,7650,7660,,,Level 1,Level 1,Level 1,Level 1
19-03-24,7679.821953,7628.633032,7634.648794,7637.982093,7624.455777,,7650,7660,,,Level 1,Level 1,Level 1,Level 1
20-03-24,7679.862892,7628.939263,7633.3959,7638.387281,7623.458795,,7650,7660,,,Level 1,Level 1,Level 1,Level 1
21-03-24,7679.573904,7628.16001,7635.107481,7637.262466,7623.081627,,7650,7660,,,Level 1,Level 1,Level 1,Level 1
22-03-24,7679.396616,7628.59698,7634.256104,7637.261227,7623.644781,,7650,7660,,,Level 1,Level 1,Level 1,Level 1
23-03-24,7679.419959,7628.262087,7634.66436,7638.31455,7624.05931,,7650,7660,,,Level 1,Level 1,Level 1,Level 1
24-03-24,7679.417031,7628.494515,7634.518535,7638.197067,7623.479819,,7650,7660,,,Level 1,Level 1,Level 1,Level 1
25-03-24,7679.634991,7628.172236,7634.878568,7638.259216,7622.956977,,7650,7660,,,Level 1,Level 1,Level 1,Level 1
26-03-24,7679.693612,7628.472946,7635.371423,7639.116898,7623.488881,,7650,7660,,,Level 1,Level 1,Level 1,Level 1
27-03-24,7679.860829,7628.954065,7634.914285,7638.269573,7623.132093,,7650,7660,,,Level 1,Level 1,Level 1,Level 1
28-03-24,7679.828963,7629.184463,7635.16353,7637.593608,7623.244911,,7650,7660,,,Level 1,Level 1,Level 1,Level 1
29-03-24,7680.123457,7629.621986,7634.709417,7638.266019,7623.430441,,7650,7660,,,Level 1,Level 1,Level 1,Level 1
30-03-24,7680.055381,7630.487306,7634.162497,7637.869881,7622.852248,,7650,7660,,,Level 1,Level 1,Level 1,Level 1
31-03-24,7680.223318,7628.830343,7634.355158,7637.156016,7623.939368,,7650,7660,,,Level 1,Level 1,Level 1,Level 1
01-04-24,7680.150806,7628.318604,7635.427007,7639.311229,7623.10944,,7650,7660,,,Level 1,Level 1,Level 1,Level 1
02-04-24,7680.148931,7629.480395,7633.796416,7637.817492,7623.724121,,7650,7660,,,Level 1,Level 1,Level 1,Level 1
03-04-24,7680.305457,7629.540273,7634.718301,7637.52836,7624.036716,,7650,7660,,,Level 1,Level 1,Level 1,Level 1
04-04-24,7680.542533,7628.871995,7635.065746,7638.01338,7623.419525,,7650,7660,,,Level 1,Level 1,Level 1,Level 1
05-04-24,7680.764615,7629.122374,7635.156689,7637.616686,7624.289227,,7650,7660,,,Level 1,Level 1,Level 1,Level 1
06-04-24,7680.401218,7628.48458,7635.527774,7638.61996,7623.88468,,7650,7660,,,Level 1,Level 1,Level 1,Level 1
07-04-24,7680.363106,7629.041786,7634.628571,7638.45852,7623.803537,,7650,7660,,,Level 1,Level 1,Level 1,Level 1
08-04-24,7680.490787,7628.833794,7635.443532,7638.643456,7622.564867,,7650,7660,,,Level 1,Level 1,Level 1,Level 1
09-04-24,7680.46108,7628.886473,7634.256563,7638.197611,7624.229479,,7650,7660,,,Level 1,Level 1,Level 1,Level 1
10-04-24,7680.28499,7629.621235,7635.360661,7638.241292,7624.189338,,7650,7660,,,Level 1,Level 1,Level 1,Level 1
11-04-24,7680.152596,7630.45577,7635.852705,7638.802293,7623.83624,,7650,7660,,,Level 1,Level 1,Level 1,Level 1
12-04-24,7680.349905,7629.502241,7635.43593,7638.034613,7623.871532,,7650,7660,,,Level 1,Level 1,Level 1,Level 1
13-04-24,7680.375702,7630.093527,7634.217825,7637.943031,7623.631586,,7650,7660,,,Level 1,Level 1,Level 1,Level 1
14-04-24,7679.949283,7629.87743,7635.095377,7638.876234,7624.754288,,7650,7660,,,Level 1,Level 1,Level 1,Level 1
15-04-24,7680.099456,7629.301562,7634.746156,7638.767842,7624.697287,,7650,7660,,,Level 1,Level 1,Level 1,Level 1
16-04-24,7679.96572,7629.662269,7635.100062,7638.61598,7623.490894,,7650,7660,,,Level 1,Level 1,Level 1,Level 1
17-04-24,7679.771238,7629.126642,7635.548531,7638.637986,7623.504647,,7650,7660,,,Level 1,Level 1,Level 1,Level 1
18-04-24,7679.930148,7628.787734,7635.506211,7637.443772,7624.803898,,7650,7660,,,Level 1,Level 1,Level 1,Level 1
19-04-24,7679.715024,7628.848865,7634.50691,7637.423998,7624.07795,,7650,7660,,,Level 1,Level 1,Level 1,Level 1
20-04-24,7680.035834,7629.559874,7636.099574,7637.687684,7623.953135,,7650,7660,,,Level 1,Level 1,Level 1,Level 1
21-04-24,7679.470909,7629.532924,7634.637593,7638.201251,7623.688369,,7650,7660,,,Level 1,Level 1,Level 1,Level 1
22-04-24,7679.652807,7630.000775,7634.525803,7638.190766,7623.719416,,7650,7660,,,Level 1,Level 1,Level 1,Level 1
23-04-24,7679.596021,7629.373945,7634.020372,7638.104385,7624.523843,,7650,7660,,,Level 1,Level 1,Level 1,Level 1
24-04-24,7679.100751,7629.383585,7635.130215,7638.583899,7624.134068,,7650,7660,,,Level 1,Level 1,Level 1,Level 1
25-04-24,7679.287428,7628.536089,7635.630235,7638.841846,7623.755535,,7650,7660,,,Level 1,Level 1,Level 1,Level 1
26-04-24,7680.147937,7629.634861,7635.761635,7638.495372,7623.603111,,7650,7660,,,Level 1,Level 1,Level 1,Level 1
27-04-24,7679.457549,7629.362894,7634.643115,7638.892029,7623.82403,,7650,7660,,,Level 1,Level 1,Level 1,Level 1
28-04-24,7679.620159,7629.185536,7634.718241,7638.252015,7624.051474,,7650,7660,,,Level 1,Level 1,Level 1,Level 1
29-04-24,7679.589481,7630.281645,7636.618797,7638.421321,7623.684009,,7650,7660,,,Level 1,Level 1,Level 1,Level 1
30-04-24,7679.637382,7629.206085,7634.990836,7638.496018,7623.954346,,7650,7660,,,Level 1,Level 1,Level 1,Level 1
01-05-24,7679.571181,7629.920661,7635.53392,7638.286059,7623.662476,,7650,7660,,,Level 1,Level 1,Level 1,Level 1
02-05-24,7679.978491,7629.462914,7635.551629,7639.695162,7622.199625,,7650,7660,,,Level 1,Level 1,Level 1,Level 1
03-05-24,7679.946197,7629.136033,7635.767343,7638.818173,7624.431697,,7650,7660,,,Level 1,Level 1,Level 1,Level 1
04-05-24,7680.214581,7630.11439,7634.911541,7639.113965,7624.071145,,7650,7660,,,Level 1,Level 1,Level 1,Level 1
05-05-24,7680.349967,7630.101682,7635.707971,7639.412045,7624.522156,,7650,7660,,,Level 1,Level 1,Level 1,Level 1
06-05-24,7680.374711,7629.13322,7636.408171,7638.351529,7624.106963,,7650,7660,,,Level 1,Level 1,Level 1,Level 1
07-05-24,7680.192023,7629.341328,7635.270331,7638.041211,7623.83311,,7650,7660,,,Level 1,Level 1,Level 1,Level 1
08-05-24,7680.729509,7630.011481,7636.492356,7639.859342,7625.194378,,7650,7660,,,Level 1,Level 1,Level 1,Level 1
09-05-24,7680.141734,7630.180654,7636.050098,7638.971233,7624.679127,,7650,7660,,,Level 1,Level 1,Level 1,Level 1
10-05-24,7680.552654,7629.604126,7636.17125,7638.374851,7623.67437,,7650,7660,,,Level 1,Level 1,Level 1,Level 1
11-05-24,7680.416812,7629.997621,7635.981688,7639.397433,7624.00274,,7650,7660,,,Level 1,Level 1,Level 1,Level 1
12-05-24,7680.785053,7629.356934,7635.000445,7639.642354,7624.782901,,7650,7660,,,Level 1,Level 1,Level 1,Level 1
13-05-24,7680.471915,7630.218191,7635.756406,7638.754899,7624.392855,,7650,7660,,,Level 1,Level 1,Level 1,Level 1
14-05-24,7680.579241,7629.684407,7635.289558,7638.96879,7624.224557,,7650,7660,,,Level 1,Level 1,Level 1,Level 1
15-05-24,7680.532089,7630.083859,7635.730171,7638.133793,7624.108981,,7650,7660,,,Level 1,Level 1,Level 1,Level 1
16-05-24,7680.357609,7629.714138,7635.489767,7638.361794,7623.236722,,7650,7660,,,Level 1,Level 1,Level 1,Level 1
17-05-24,7680.554084,7629.556307,7635.886792,7638.56556,7623.56339,,7650,7660,,,Level 1,Level 1,Level 1,Level 1
18-05-24,7680.251892,7629.602176,7636.120142,7639.755504,7624.020998,,7650,7660,,,Level 1,Level 1,Level 1,Level 1
19-05-24,7679.662839,7629.562355,7635.96817,7638.773531,7624.868724,,7650,7660,,,Level 1,Level 1,Level 1,Level 1
20-05-24,7680.446841,7630.508746,7635.322094,7638.616362,7624.254674,,7650,7660,,,Level 1,Level 1,Level 1,Level 1
21-05-24,7680.255221,7629.37987,7636.303553,7638.054646,7624.247076,,7650,7660,,,Level 1,Level 1,Level 1,Level 1
22-05-24,7679.990404,7629.717058,7635.715546,7639.428151,7625.503757,,7650,7660,,,Level 1,Level 1,Level 1,Level 1
23-05-24,7679.849188,7629.121954,7636.162059,7638.874924,7624.10645,,7650,7660,,,Level 1,Level 1,Level 1,Level 1
24-05-24,7679.514301,7629.955133,7635.985355,7638.96525,7624.208304,,7650,7660,,,Level 1,Level 1,Level 1,Level 1
25-05-24,7679.642195,7630.466698,7635.953911,7638.57252,7625.611722,,7650,7660,,,Level 1,Level 1,Level 1,Level 1
26-05-24,7679.589874,7629.534772,7635.472356,7639.127354,7624.056768,,7650,7660,,,Level 1,Level 1,Level 1,Level 1
27-05-24,7679.488862,7630.077027,7636.13668,7638.862205,7624.110254,,7650,7660,,,Level 1,Level 1,Level 1,Level 1
28-05-24,7679.289953,7629.661084,7635.671579,7639.509395,7624.492957,,7650,7660,,,Level 1,Level 1,Level 1,Level 1
29-05-24,7679.582616,7630.262243,7635.685969,7639.080266,7625.361422,,7650,7660,,,Level 1,Level 1,Level 1,Level 1
30-05-24,7679.332479,7630.203433,7635.682033,7639.005645,7623.927333,,7650,7660,,,Level 1,Level 1,Level 1,Level 1
31-05-24,7679.526918,7631.084135,7635.858552,7639.312313,7623.99443,,7650,7660,,,Level 1,Level 1,Level 1,Level 1
01-06-24,7679.358549,7630.140403,7636.151494,7639.226425,7623.732934,,7650,7660,,,Level 1,Level 1,Level 1,Level 1
02-06-24,7679.926769,7629.751234,7635.250248,7639.394734,7624.748425,,7650,7660,,,Level 1,Level 1,Level 1,Level 1
03-06-24,7679.576423,7630.674183,7635.800386,7638.971593,7625.456893,,7650,7660,,,Level 1,Level 1,Level 1,Level 1
04-06-24,7679.679158,7630.707427,7636.879554,7638.676582,7624.784004,,7650,7660,,,Level 1,Level 1,Level 1,Level 1
05-06-24,7680.065719,7629.71714,7635.86582,7638.029487,7623.824293,,7650,7660,,,Level 1,Level 1,Level 1,Level 1
06-06-24,7679.619527,7630.385898,7635.513207,7639.972493,7624.46583,,7650,7660,,,Level 1,Level 1,Level 1,Level 1
07-06-24,7680.232483,7629.58214,7636.440251,7638.660644,7624.450343,,7650,7660,,,Level 1,Level 1,Level 1,Level 1
08-06-24,7679.891868,7630.564062,7635.42288,7639.966358,7624.817924,,7650,7660,,,Level 1,Level 1,Level 1,Level 1
09-06-24,7679.665714,7630.496919,7636.433451,7638.818377,7625.477837,,7650,7660,,,Level 1,Level 1,Level 1,Level 1
10-06-24,7680.448033,7629.427328,7636.444894,7639.019921,7625.138761,,7650,7660,,,Level 1,Level 1,Level 1,Level 1
11-06-24,7680.422956,7629.215096,7634.770073,7638.26313,7624.867688,,7650,7660,,,Level 1,Level 1,Level 1,Level 1
12-06-24,7680.366457,7629.789844,7635.953607,7639.234041,7624.746725,,7650,7660,,,Level 1,Level 1,Level 1,Level 1
13-06-24,7680.551125,7629.424737,7636.419502,7639.574598,7624.956146,,7650,7660,,,Level 1,Level 1,Level 1,Level 1
14-06-24,7680.517576,7630.119898,7637.00462,7639.696563,7624.389152,,7650,7660,,,Level 1,Level 1,Level 1,Level 1
15-06-24,7680.2297,7630.196733,7635.970466,7640.12444,7624.308362,,7650,7660,,,Level 1,Level 1,Level 1,Level 1
16-06-24,7680.306872,7630.369626,7636.334357,7639.249973,7624.582738,,7650,7660,,,Level 1,Level 1,Level 1,Level 1
17-06-24,7680.618306,7630.495753,7636.30113,7639.271717,7625.203471,,7650,7660,,,Level 1,Level 1,Level 1,Level 1
18-06-24,7680.375621,7629.102882,7636.419217,7638.906488,7624.626858,,7650,7660,,,Level 1,Level 1,Level 1,Level 1
19-06-24,7680.383761,7629.648777,7635.864809,7639.633967,7624.904874,,7650,7660,,,Level 1,Level 1,Level 1,Level 1
20-06-24,7680.116625,7630.193264,7635.888627,7638.979075,7624.69142,,7650,7660,,,Level 1,Level 1,Level 1,Level 1
21-06-24,7680.563625,7629.607132,7636.258092,7639.192682,7625.012329,,7650,7660,,,Level 1,Level 1,Level 1,Level 1
22-06-24,7680.110204,7630.568337,7635.88948,7638.71008,7624.698814,,7650,7660,,,Level 1,Level 1,Level 1,Level 1
23-06-24,7680.05649,7630.339626,7636.024787,7639.321591,7624.94164,,7650,7660,,,Level 1,Level 1,Level 1,Level 1
24-06-24,7680.18713,7630.723758,7636.026876,7639.029091,7624.43797,,7650,7660,,,Level 1,Level 1,Level 1,Level 1
25-06-24,7680.102973,7631.188148,7636.778757,7639.043503,7624.902123,,7650,7660,,,Level 1,Level 1,Level 1,Level 1
26-06-24,7679.89642,7630.697187,7636.503518,7639.024148,7625.097731,,7650,7660,,,Level 1,Level 1,Level 1,Level 1
27-06-24,7679.941438,7631.175004,7636.502475,7640.011723,7625.625617,,7650,7660,,,Level 1,Level 1,Level 1,Level 1
28-06-24,7679.657024,7630.034328,7636.289658,7639.414798,7625.054252,,7650,7660,,,Level 1,Level 1,Level 1,Level 1
29-06-24,7679.79806,7630.765542,7636.81697,7639.271336,7624.518906,,7650,7660,,,Level 1,Level 1,Level 1,Level 1
30-06-24,7679.57937,7630.488086,7635.866214,7639.295496,7624.204474,,7650,7660,,,Level 1,Level 1,Level 1,Level 1
01-07-24,7679.11067,7629.871554,7636.159799,7639.34982,7624.561356,,7650,7660,,,Level 1,Level 1,Level 1,Level 1
02-07-24,7679.687543,7630.892796,7636.360945,7638.338041,7625.46794,,7650,7660,,,Level 1,Level 1,Level 1,Level 1
03-07-24,7679.101381,7629.772985,7635.599914,7639.246391,7624.705183,,7650,7660,,,Level 1,Level 1,Level 1,Level 1
04-07-24,7679.277783,7630.972172,7636.456496,7639.319981,7625.99178,,7650,7660,,,Level 1,Level 1,Level 1,Level 1
05-07-24,7679.482659,7630.854007,7636.50066,7639.063296,7624.481415,,7650,7660,,,Level 1,Level 1,Level 1,Level 1
06-07-24,7679.335191,7631.225804,7636.675488,7639.125396,7624.114527,,7650,7660,,,Level 1,Level 1,Level 1,Level 1
07-07-24,7679.656992,7630.715323,7637.691602,7638.863679,7625.470981,,7650,7660,,,Level 1,Level 1,Level 1,Level 1
08-07-24,7679.76588,7630.746125,7636.869573,7638.884272,7624.839137,,7650,7660,,,Level 1,Level 1,Level 1,Level 1
09-07-24,7679.891949,7630.074109,7637.180441,7639.388983,7624.564553,,7650,7660,,,Level 1,Level 1,Level 1,Level 1
10-07-24,7679.439552,7629.982122,7636.618393,7639.967306,7625.013742,,7650,7660,,,Level 1,Level 1,Level 1,Level 1
11-07-24,7679.855455,7630.940867,7636.619605,7638.853828,7624.533949,,7650,7660,,,Level 1,Level 1,Level 1,Level 1
12-07-24,7680.162464,7630.474689,7636.158943,7638.992507,7625.762075,,7650,7660,,,Level 1,Level 1,Level 1,Level 1
13-07-24,7680.211371,7630.207022,7636.394194,7639.646564,7625.584431,,7650,7660,,,Level 1,Level 1,Level 1,Level 1
14-07-24,7680.241263,7630.389142,7637.521203,7639.637757,7625.700949,,7650,7660,,,Level 1,Level 1,Level 1,Level 1
15-07-24,7680.337262,7630.923278,7636.908905,7639.500465,7624.98244,,7650,7660,,,Level 1,Level 1,Level 1,Level 1
16-07-24,7680.483209,7630.679017,7636.708134,7639.359218,7624.604654,,7650,7660,,,Level 1,Level 1,Level 1,Level 1
17-07-24,7680.419261,7631.175891,7636.329721,7639.701994,7625.413263,,7650,7660,,,Level 1,Level 1,Level 1,Level 1
18-07-24,7680.416895,7631.230258,7636.253481,7639.088709,7625.603248,,7650,7660,,,Level 1,Level 1,Level 1,Level 1
19-07-24,7680.307324,7631.139034,7636.01729,7638.509773,7624.708317,,7650,7660,,,Level 1,Level 1,Level 1,Level 1
20-07-24,7680.213633,7630.952183,7636.13591,7639.804385,7625.258774,,7650,7660,,,Level 1,Level 1,Level 1,Level 1
21-07-24,7680.621004,7630.310241,7636.552556,7639.534962,7624.42382,,7650,7660,,,Level 1,Level 1,Level 1,Level 1
22-07-24,7680.679122,7629.936325,7636.976521,7639.478178,7625.840864,,7650,7660,,,Level 1,Level 1,Level 1,Level 1
23-07-24,7680.635003,7631.110206,7636.762494,7639.721894,7624.649398,,7650,7660,,,Level 1,Level 1,Level 1,Level 1
24-07-24,7680.5178,7629.500102,7636.939773,7639.221649,7624.949771,,7650,7660,,,Level 1,Level 1,Level 1,Level 1
25-07-24,7680.197439,7629.988588,7636.243125,7639.726341,7625.864596,,7650,7660,,,Level 1,Level 1,Level 1,Level 1
26-07-24,7680.120097,7630.175991,7636.466201,7638.845729,7625.165387,,7650,7660,,,Level 1,Level 1,Level 1,Level 1
27-07-24,7680.337766,7630.552092,7636.746673,7639.181222,7626.073262,,7650,7660,,,Level 1,Level 1,Level 1,Level 1
28-07-24,7680.22718,7630.525115,7636.70628,7640.175453,7624.991795,,7650,7660,,,Level 1,Level 1,Level 1,Level 1
29-07-24,7679.916852,7631.000848,7636.165569,7638.638443,7625.633425,,7650,7660,,,Level 1,Level 1,Level 1,Level 1
30-07-24,7679.806376,7631.096829,7636.230258,7640.45848,7625.013152,,7650,7660,,,Level 1,Level 1,Level 1,Level 1
31-07-24,7679.761159,7630.33319,7636.60625,7640.441674,7625.53041,,7650,7660,,,Level 1,Level 1,Level 1,Level 1
01-08-24,7679.707976,7630.434585,7636.00511,7638.932903,7624.435467,,7650,7660,,,Level 1,Level 1,Level 1,Level 1
02-08-24,7680.079173,7631.28234,7637.104319,7639.456299,7625.237112,,7650,7660,,,Level 1,Level 1,Level 1,Level 1
03-08-24,7679.806904,7630.620996,7637.521988,7639.884285,7625.681992,,7650,7660,,,Level 1,Level 1,Level 1,Level 1
04-08-24,7679.556912,7631.426586,7636.217535,7639.705885,7625.002917,,7650,7660,,,Level 1,Level 1,Level 1,Level 1
05-08-24,7679.500873,7629.619492,7638.314742,7640.117889,7625.341298,,7650,7660,,,Level 1,Level 1,Level 1,Level 1
06-08-24,7679.493238,7629.916144,7636.636316,7639.55565,7626.238481,,7650,7660,,,Level 1,Level 1,Level 1,Level 1
07-08-24,7679.537778,7631.165906,7637.337656,7640.284334,7625.781161,,7650,7660,,,Level 1,Level 1,Level 1,Level 1
08-08-24,7679.336204,7630.645535,7637.310917,7640.303865,7625.525418,,7650,7660,,,Level 1,Level 1,Level 1,Level 1
09-08-24,7679.717176,7630.210232,7638.219345,7640.003055,7624.116148,,7650,7660,,,Level 1,Level 1,Level 1,Level 1
10-08-24,7679.872993,7631.298279,7635.61061,7639.495265,7625.715773,,7650,7660,,,Level 1,Level 1,Level 1,Level 1
11-08-24,7679.518206,7631.181137,7636.707096,7639.541467,7626.265689,,7650,7660,,,Level 1,Level 1,Level 1,Level 1
12-08-24,7680.006795,7631.433888,7636.733679,7639.826659,7625.339482,,7650,7660,,,Level 1,Level 1,Level 1,Level 1
13-08-24,7680.000242,7630.87047,7636.968558,7639.719148,7625.356006,,7650,7660,,,Level 1,Level 1,Level 1,Level 1
14-08-24,7679.917725,7630.170585,7637.789027,7639.608357,7625.645373,,7650,7660,,,Level 1,Level 1,Level 1,Level 1
15-08-24,7680.082413,7629.636546,7636.688494,7639.639566,7625.414829,,7650,7660,,,Level 1,Level 1,Level 1,Level 1
16-08-24,7680.00589,7630.683391,7636.774927,7640.963381,7625.697259,,7650,7660,,,Level 1,Level 1,Level 1,Level 1
17-08-24,7680.409991,7630.663211,7636.251859,7639.828528,7624.884921,,7650,7660,,,Level 1,Level 1,Level 1,Level 1
18-08-24,7680.097992,7631.351889,7636.774739,7639.9492,7624.747609,,7650,7660,,,Level 1,Level 1,Level 1,Level 1
19-08-24,7680.293689,7631.799457,7636.762427,7641.063056,7625.256058,,7650,7660,,,Level 1,Level 1,Level 1,Level 1
20-08-24,7680.49465,7630.064524,7636.566062,7638.757213,7625.633768,,7650,7660,,,Level 1,Level 1,Level 1,Level 1
21-08-24,7680.406191,7631.03176,7637.814241,7640.886239,7624.712395,,7650,7660,,,Level 1,Level 1,Level 1,Level 1
22-08-24,7680.107842,7629.937547,7637.190329,7640.868125,7625.984864,,7650,7660,,,Level 1,Level 1,Level 1,Level 1
23-08-24,7680.320066,7630.112683,7636.787646,7638.769664,7625.386217,,7650,7660,,,Level 1,Level 1,Level 1,Level 1
24-08-24,7680.488542,7631.399557,7637.764665,7639.928096,7625.735632,,7650,7660,,,Level 1,Level 1,Level 1,Level 1
25-08-24,7680.273879,7631.484573,7635.919031,7640.415939,7625.195988,,7650,7660,,,Level 1,Level 1,Level 1,Level 1
26-08-24,7680.51649,7630.559418,7636.232004,7639.269819,7626.931009,,7650,7660,,,Level 1,Level 1,Level 1,Level 1
27-08-24,7680.589885,7631.271265,7637.406295,7640.351816,7624.811189,,7650,7660,,,Level 1,Level 1,Level 1,Level 1
28-08-24,7680.128933,7631.625201,7636.944755,7640.397226,7625.006024,,7650,7660,,,Level 1,Level 1,Level 1,Level 1
29-08-24,7680.423459,7630.062388,7636.640468,7639.548444,7625.241317,,7650,7660,,,Level 1,Level 1,Level 1,Level 1
30-08-24,7679.996152,7630.52075,7636.535842,7639.65741,7626.064313,,7650,7660,,,Level 1,Level 1,Level 1,Level 1
31-08-24,7680.318882,7631.020787,7637.685235,7639.825569,7625.43551,,7650,7660,,,Level 1,Level 1,Level 1,Level 1
01-09-24,7680.090173,7631.02264,7637.151637,7638.946356,7625.751011,,7650,7660,,,Level 1,Level 1,Level 1,Level 1
02-09-24,7679.951985,7631.123245,7637.740773,7640.296363,7624.829356,,7650,7660,,,Level 1,Level 1,Level 1,Level 1
03-09-24,7679.76539,7631.759805,7637.806904,7638.900965,7625.175171,,7650,7660,,,Level 1,Level 1,Level 1,Level 1
04-09-24,7679.708447,7631.113439,7637.847591,7640.003568,7625.586065,,7650,7660,,,Level 1,Level 1,Level 1,Level 1
05-09-24,7679.561341,7630.843784,7636.971273,7638.961802,7624.841048,,7650,7660,,,Level 1,Level 1,Level 1,Level 1
06-09-24,7679.593065,7630.972807,7637.883282,7639.46778,7624.692763,,7650,7660,,,Level 1,Level 1,Level 1,Level 1
07-09-24,7679.426536,7631.087042,7637.129227,7639.398883,7625.665399,,7650,7660,,,Level 1,Level 1,Level 1,Level 1
08-09-24,7679.373893,7631.11886,7637.661268,7639.576833,7625.066545,,7650,7660,,,Level 1,Level 1,Level 1,Level 1
09-09-24,7679.51369,7630.705965,7637.888973,7640.482675,7625.154167,,7650,7660,,,Level 1,Level 1,Level 1,Level 1
10-09-24,7679.523576,7631.344257,7636.363698,7640.318813,7626.051965,,7650,7660,,,Level 1,Level 1,Level 1,Level 1
11-09-24,7679.392616,7630.563761,7637.90776,7639.251914,7624.744602,,7650,7660,,,Level 1,Level 1,Level 1,Level 1
12-09-24,7679.61429,7631.57318,7636.815886,7640.318264,7625.038408,,7650,7660,,,Level 1,Level 1,Level 1,Level 1
13-09-24,7679.629803,7631.052065,7637.305415,7639.762902,7626.256006,,7650,7660,,,Level 1,Level 1,Level 1,Level 1
14-09-24,7679.660533,7631.482074,7637.527157,7640.621577,7624.935856,,7650,7660,,,Level 1,Level 1,Level 1,Level 1
15-09-24,7679.543143,7630.083222,7638.184763,7639.665162,7626.917853,,7650,7660,,,Level 1,Level 1,Level 1,Level 1
16-09-24,7679.429404,7631.718474,7636.956524,7640.738759,7625.011597,,7650,7660,,,Level 1,Level 1,Level 1,Level 1
17-09-24,7680.015448,7631.024677,7636.905778,7639.779398,7624.053781,,7650,7660,,,Level 1,Level 1,Level 1,Level 1
18-09-24,7680.338548,7631.031997,7637.200503,7640.185906,7625.836029,,7650,7660,,,Level 1,Level 1,Level 1,Level 1
19-09-24,7680.026339,7631.75211,7636.772901,7639.304896,7624.40926,,7650,7660,,,Level 1,Level 1,Level 1,Level 1
20-09-24,7680.065008,7631.337548,7638.305198,7639.91875,7625.833685,,7650,7660,,,Level 1,Level 1,Level 1,Level 1
21-09-24,7680.492312,7630.606972,7636.910566,7641.19407,7625.103508,,7650,7660,,,Level 1,Level 1,Level 1,Level 1
22-09-24,7680.400855,7631.54666,7637.043794,7639.61093,7624.435371,,7650,7660,,,Level 1,Level 1,Level 1,Level 1
23-09-24,7680.451234,7630.719075,7637.306625,7640.009647,7625.439878,,7650,7660,,,Level 1,Level 1,Level 1,Level 1
24-09-24,7680.740445,7630.639864,7636.71943,7639.584648,7625.061122,,7650,7660,,,Level 1,Level 1,Level 1,Level 1
25-09-24,7680.861257,7632.006412,7637.183762,7639.67347,7625.215814,,7650,7660,,,Level 1,Level 1,Level 1,Level 1
26-09-24,7680.479567,7632.118726,7636.687362,7639.676109,7626.308169,,7650,7660,,,Level 1,Level 1,Level 1,Level 1
27-09-24,7680.556056,7630.957813,7638.092326,7639.484615,7624.809171,,7650,7660,,,Level 1,Level 1,Level 1,Level 1
28-09-24,7680.177522,7630.478029,7636.975935,7640.536589,7625.951159,,7650,7660,,,Level 1,Level 1,Level 1,Level 1
29-09-24,7680.776778,7631.183026,7636.813558,7639.897383,7626.798781,,7650,7660,,,Level 1,Level 1,Level 1,Level 1
30-09-24,7680.752901,7630.991658,7637.821482,7639.465292,7626.000014,,7650,7660,,,Level 1,Level 1,Level 1,Level 1
01-10-24,7680.306303,7631.78825,7637.081065,7639.748303,7624.350634,,7650,7660,,,Level 1,Level 1,Level 1,Level 1
02-10-24,7680.341462,7630.937797,7638.123732,7640.567097,7626.379714,,7650,7660,,,Level 1,Level 1,Level 1,Level 1
03-10-24,7680.088975,7631.737271,7636.949148,7640.280936,7626.168384,,7650,7660,,,Level 1,Level 1,Level 1,Level 1
04-10-24,7680.227617,7631.368083,7637.788665,7639.409878,7625.532956,,7650,7660,,,Level 1,Level 1,Level 1,Level 1
05-10-24,7680.492322,7631.470345,7637.933629,7640.023127,7626.972792,,7650,7660,,,Level 1,Level 1,Level 1,Level 1
06-10-24,7679.961937,7631.903062,7637.386463,7640.812875,7625.290671,,7650,7660,,,Level 1,Level 1,Level 1,Level 1
07-10-24,7679.992867,7631.287293,7637.775192,7640.019611,7625.81625,,7650,7660,,,Level 1,Level 1,Level 1,Level 1
08-10-24,7680.098803,7631.101144,7636.785294,7640.906633,7625.604803,,7650,7660,,,Level 1,Level 1,Level 1,Level 1
09-10-24,7679.901247,7629.942755,7637.745601,7640.049087,7626.139673,,7650,7660,,,Level 1,Level 1,Level 1,Level 1
10-10-24,7679.85728,7631.885781,7637.575689,7639.434072,7625.334065,,7650,7660,,,Level 1,Level 1,Level 1,Level 1
11-10-24,7679.866414,7631.040254,7636.754883,7640.831152,7625.829881,,7650,7660,,,Level 1,Level 1,Level 1,Level 1
12-10-24,7679.604694,7631.875248,7638.008406,7640.411144,7625.528158,,7650,7660,,,Level 1,Level 1,Level 1,Level 1
13-10-24,7679.359892,7630.550401,7637.143487,7640.019939,7625.984766,,7650,7660,,,Level 1,Level 1,Level 1,Level 1
14-10-24,7679.203361,7631.560417,7637.143849,7640.299942,7626.080454,,7650,7660,,,Level 1,Level 1,Level 1,Level 1
15-10-24,7679.56236,7630.842684,7637.487152,7640.589016,7625.758683,,7650,7660,,,Level 1,Level 1,Level 1,Level 1
16-10-24,7679.384524,7630.966836,7637.678952,7640.668605,7625.123095,,7650,7660,,,Level 1,Level 1,Level 1,Level 1
17-10-24,7679.413855,7631.325721,7637.902498,7639.868472,7626.079916,,7650,7660,,,Level 1,Level 1,Level 1,Level 1
18-10-24,7679.50766,7631.185599,7637.27116,7640.715645,7625.473976,,7650,7660,,,Level 1,Level 1,Level 1,Level 1
19-10-24,7679.299316,7631.20192,7638.654819,7639.918735,7624.74339,,7650,7660,,,Level 1,Level 1,Level 1,Level 1
20-10-24,7679.56455,7631.123232,7638.18946,7640.672608,7625.845961,,7650,7660,,,Level 1,Level 1,Level 1,Level 1
21-10-24,7679.426811,7631.028329,7637.511939,7639.460546,7625.863224,,7650,7660,,,Level 1,Level 1,Level 1,Level 1
22-10-24,7679.595306,7631.992298,7637.793124,7641.001497,7625.489155,,7650,7660,,,Level 1,Level 1,Level 1,Level 1
23-10-24,7679.947734,7632.211453,7636.981416,7640.147389,7625.901258,,7650,7660,,,Level 1,Level 1,Level 1,Level 1
24-10-24,7680.111716,7630.312986,7636.05398,7640.570229,7625.535759,,7650,7660,,,Level 1,Level 1,Level 1,Level 1
25-10-24,7680.250578,7632.209138,7637.40565,7639.946184,7625.696208,,7650,7660,,,Level 1,Level 1,Level 1,Level 1
26-10-24,7679.980049,7631.533031,7637.779559,7638.756282,7626.049726,,7650,7660,,,Level 1,Level 1,Level 1,Level 1
27-10-24,7680.237085,7630.717015,7637.586247,7639.787145,7624.953023,,7650,7660,,,Level 1,Level 1,Level 1,Level 1
28-10-24,7680.472997,7631.514474,7638.327135,7639.391257,7625.381966,,7650,7660,,,Level 1,Level 1,Level 1,Level 1
29-10-24,7680.302018,7631.51579,7637.37211,7639.453928,7625.215239,,7650,7660,,,Level 1,Level 1,Level 1,Level 1
30-10-24,7680.385942,7631.868538,7637.69867,7639.269554,7625.461683,,7650,7660,,,Level 1,Level 1,Level 1,Level 1
31-10-24,7680.437609,7631.528048,7637.870322,7640.42712,7625.174509,,7650,7660,,,Level 1,Level 1,Level 1,Level 1
01-11-24,7680.690274,7631.387865,7637.7527,7640.068667,7625.776716,,7650,7660,,,Level 1,Level 1,Level 1,Level 1
02-11-24,7680.624201,7631.778276,7637.052353,7640.614391,7626.417025,,7650,7660,,,Level 1,Level 1,Level 1,Level 1
03-11-24,7680.338872,7631.138049,7638.422143,7640.785062,7625.945958,,7650,7660,,,Level 1,Level 1,Level 1,Level 1
04-11-24,7680.091493,7631.658789,7637.891407,7640.703458,7625.485441,,7650,7660,,,Level 1,Level 1,Level 1,Level 1
05-11-24,7680.580797,7631.215615,7637.899886,7641.417298,7626.607237,,7650,7660,,,Level 1,Level 1,Level 1,Level 1
06-11-24,7680.333779,7631.063963,7637.653785,7641.010363,7625.644202,,7650,7660,,,Level 1,Level 1,Level 1,Level 1
07-11-24,7680.642908,7631.054331,7637.394535,7640.02934,7625.150487,,7650,7660,,,Level 1,Level 1,Level 1,Level 1
08-11-24,7680.254435,7631.524417,7637.777103,7640.910928,7626.726175,,7650,7660,,,Level 1,Level 1,Level 1,Level 1
09-11-24,7680.041597,7631.722105,7637.377316,7639.322309,7625.708958,,7650,7660,,,Level 1,Level 1,Level 1,Level 1
10-11-24,7679.849838,7631.20711,7636.983766,7639.901202,7625.290177,,7650,7660,,,Level 1,Level 1,Level 1,Level 1
11-11-24,7679.518206,7631.816015,7637.876748,7639.673018,7625.766168,,7650,7660,,,Level 1,Level 1,Level 1,Level 1
12-11-24,7679.707686,7632.038994,7638.163891,7640.109358,7626.4081,,7650,7660,,,Level 1,Level 1,Level 1,Level 1
13-11-24,7679.642796,7632.011317,7637.591088,7641.141923,7626.518491,,7650,7660,,,Level 1,Level 1,Level 1,Level 1
14-11-24,7679.485215,7631.372699,7636.703485,7640.352115,7626.055416,,7650,7660,,,Level 1,Level 1,Level 1,Level 1
15-11-24,7679.711919,7631.181841,7638.175576,7640.295708,7625.626851,,7650,7660,,,Level 1,Level 1,Level 1,Level 1
16-11-24,7679.599619,7631.980281,7637.649696,7640.408369,7626.812091,,7650,7660,,,Level 1,Level 1,Level 1,Level 1
17-11-24,7679.54344,7631.365375,7638.318435,7640.071976,7626.109968,,7650,7660,,,Level 1,Level 1,Level 1,Level 1
18-11-24,7679.743451,7631.434461,7637.142297,7640.439164,7624.834133,,7650,7660,,,Level 1,Level 1,Level 1,Level 1
19-11-24,7679.615228,7631.582296,7637.809861,7640.956541,7625.661425,,7650,7660,,,Level 1,Level 1,Level 1,Level 1
20-11-24,7679.689761,7631.76017,7638.150011,7640.024214,7625.830809,,7650,7660,,,Level 1,Level 1,Level 1,Level 1
21-11-24,7679.403398,7630.30129,7636.763155,7640.123898,7625.303398,,7650,7660,,,Level 1,Level 1,Level 1,Level 1
22-11-24,7679.410483,7631.044863,7638.101112,7639.57737,7625.565679,,7650,7660,,,Level 1,Level 1,Level 1,Level 1
23-11-24,7679.745136,7631.357768,7637.726111,7639.258609,7625.756895,,7650,7660,,,Level 1,Level 1,Level 1,Level 1
24-11-24,7680.163432,7632.381078,7637.846166,7640.265976,7625.718649,,7650,7660,,,Level 1,Level 1,Level 1,Level 1
25-11-24,7679.84462,7631.99343,7637.380418,7640.209915,7625.845619,,7650,7660,,,Level 1,Level 1,Level 1,Level 1
26-11-24,7679.736559,7631.93757,7637.761428,7639.700582,7626.466785,,7650,7660,,,Level 1,Level 1,Level 1,Level 1
27-11-24,7680.256112,7632.551732,7637.237387,7640.17069,7624.399727,,7650,7660,,,Level 1,Level 1,Level 1,Level 1
28-11-24,7680.105691,7632.500031,7637.334496,7641.064616,7626.050405,,7650,7660,,,Level 1,Level 1,Level 1,Level 1
29-11-24,7680.35294,7631.814881,7637.780612,7639.995743,7625.915986,,7650,7660,,,Level 1,Level 1,Level 1,Level 1
30-11-24,7680.402613,7630.725246,7637.030549,7640.039983,7626.354067,,7650,7660,,,Level 1,Level 1,Level 1,Level 1
01-12-24,7680.778973,7630.929701,7638.026153,7640.757669,7625.826494,,7650,7660,,,Level 1,Level 1,Level 1,Level 1
02-12-24,7680.449448,7631.94672,7638.301862,7641.163233,7627.345088,,7650,7660,,,Level 1,Level 1,Level 1,Level 1
03-12-24,7680.490136,7631.314923,7639.254664,7640.230491,7626.699914,,7650,7660,,,Level 1,Level 1,Level 1,Level 1
04-12-24,7680.036868,7632.208376,7638.109496,7641.037648,7624.882432,,7650,7660,,,Level 1,Level 1,Level 1,Level 1
05-12-24,7680.684121,7631.752437,7637.837493,7641.639847,7626.947415,,7650,7660,,,Level 1,Level 1,Level 1,Level 1
06-12-24,7680.410695,7631.241093,7638.39487,7640.342071,7625.981786,,7650,7660,,,Level 1,Level 1,Level 1,Level 1
07-12-24,7680.374355,7631.733543,7638.337212,7640.72006,7626.553929,,7650,7660,,,Level 1,Level 1,Level 1,Level 1
08-12-24,7680.438914,7631.475744,7637.548826,7639.968926,7625.869791,,7650,7660,,,Level 1,Level 1,Level 1,Level 1
09-12-24,7680.495983,7632.473662,7637.509371,7641.370483,7626.049653,,7650,7660,,,Level 1,Level 1,Level 1,Level 1
10-12-24,7680.380566,7631.392513,7637.660256,7639.997969,7626.684515,,7650,7660,,,Level 1,Level 1,Level 1,Level 1
11-12-24,7680.698387,7631.897148,7638.040493,7640.605936,7625.746414,,7650,7660,,,Level 1,Level 1,Level 1,Level 1
12-12-24,7680.110332,7631.375329,7637.62658,7640.75238,7625.860458,,7650,7660,,,Level 1,Level 1,Level 1,Level 1
13-12-24,7680.077967,7631.791459,7637.809524,7640.430149,7626.357866,,7650,7660,,,Level 1,Level 1,Level 1,Level 1
14-12-24,7679.828015,7632.19342,7636.294118,7640.499726,7626.262508,,7650,7660,,,Level 1,Level 1,Level 1,Level 1
15-12-24,7679.927373,7632.40989,7637.97056,7640.617589,7626.544953,,7650,7660,,,Level 1,Level 1,Level 1,Level 1
16-12-24,7679.632708,7631.375688,7638.153865,7640.061325,7626.144779,,7650,7660,,,Level 1,Level 1,Level 1,Level 1
17-12-24,7679.39253,7631.478758,7638.635188,7640.649887,7626.730416,,7650,7660,,,Level 1,Level 1,Level 1,Level 1
18-12-24,7679.485431,7632.197218,7637.223452,7640.475498,7625.879243,,7650,7660,,,Level 1,Level 1,Level 1,Level 1
19-12-24,7679.82882,7631.379009,7638.169596,7641.296937,7625.471979,,7650,7660,,,Level 1,Level 1,Level 1,Level 1
20-12-24,7679.582506,7631.949615,7638.236692,7641.652191,7626.418183,,7650,7660,,,Level 1,Level 1,Level 1,Level 1
21-12-24,7679.3962,7631.699701,7637.721514,7640.517921,7625.886918,,7650,7660,,,Level 1,Level 1,Level 1,Level 1
22-12-24,7679.252335,7631.754476,7638.307213,7640.55827,7625.66774,,7650,7660,,,Level 1,Level 1,Level 1,Level 1
23-12-24,7679.314627,7631.363869,7638.418503,7640.256524,7625.455399,,7650,7660,,,Level 1,Level 1,Level 1,Level 1
24-12-24,7679.252212,7632.550583,7638.391894,7640.724379,7626.451217,,7650,7660,,,Level 1,Level 1,Level 1,Level 1
25-12-24,7679.438394,7632.265735,7638.472602,7641.068135,7625.432712,,7650,7660,,,Level 1,Level 1,Level 1,Level 1
26-12-24,7679.614154,7631.489561,7638.322218,7640.687909,7625.692985,,7650,7660,,,Level 1,Level 1,Level 1,Level 1
27-12-24,7679.725451,7631.595386,7637.261135,7639.188772,7626.284093,,7650,7660,,,Level 1,Level 1,Level 1,Level 1
28-12-24,7679.922215,7631.47066,7638.091436,7640.076328,7625.422729,,7650,7660,,,Level 1,Level 1,Level 1,Level 1
29-12-24,7680.066779,7631.907757,7638.500728,7640.661654,7625.952069,,7650,7660,,,Level 1,Level 1,Level 1,Level 1
30-12-24,7680.099557,7631.53983,7638.122364,7640.028187,7625.933923,,7650,7660,,,Level 1,Level 1,Level 1,Level 1
31-12-24,7679.866262,7631.311017,7637.182627,7639.537415,7626.405754,,7650,7660,,,Level 1,Level 1,Level 1,Level 1
